City_ID,City,Country,Date,Lat,Lng,Description,Max Temp,Humidity,Cloudiness,Wind Speed
0,Nanortalik,GL,2020-11-12 04:12:56,60.14,-45.24,clear sky,30.52,81,0,4.25
1,Exeter,GB,2020-11-12 04:13:52,50.72,-3.53,scattered clouds,48.0,90,34,14.9
2,Dingle,PH,2020-11-12 04:15:22,11.0,122.67,light rain,85.42,75,83,14.47
3,Bluff,NZ,2020-11-12 04:12:31,-46.6,168.33,scattered clouds,57.99,79,40,18.99
4,Iqaluit,CA,2020-11-12 04:12:55,63.75,-68.51,light snow,23.0,67,75,5.82
5,Ponta Do Sol,PT,2020-11-12 04:12:38,32.67,-17.1,broken clouds,66.2,72,75,4.7
6,Batemans Bay,AU,2020-11-12 04:15:23,-35.72,150.18,light rain,72.0,66,78,8.99
7,Avarua,CK,2020-11-12 04:10:41,-21.21,-159.78,scattered clouds,77.0,78,31,9.17
8,Puerto Ayora,EC,2020-11-12 04:15:24,-0.74,-90.35,broken clouds,68.0,88,82,4.92
9,Khatanga,RU,2020-11-12 04:15:24,71.97,102.5,scattered clouds,-11.54,91,50,1.34
10,Tarnogskiy Gorodok,RU,2020-11-12 04:15:24,60.5,43.58,overcast clouds,28.51,95,100,8.68
11,Sao Francisco,BR,2020-11-12 04:15:25,-15.95,-44.86,broken clouds,71.94,66,70,4.72
12,Ushuaia,AR,2020-11-12 04:10:44,-54.8,-68.3,scattered clouds,50.0,71,40,13.87
13,Phuket,TH,2020-11-12 04:12:50,8.0,98.25,few clouds,87.01,70,20,6.93
14,Pyay,MM,2020-11-12 04:15:25,18.82,95.22,clear sky,81.72,73,0,9.44
15,Hermanus,ZA,2020-11-12 04:12:34,-34.42,19.23,clear sky,62.01,82,0,5.01
16,Puerto Escondido,MX,2020-11-12 04:15:26,15.85,-97.07,clear sky,78.8,83,5,3.36
17,Grindavik,IS,2020-11-12 04:15:26,63.84,-22.43,overcast clouds,35.6,75,90,13.87
18,Baraboo,US,2020-11-12 04:15:26,43.47,-89.74,clear sky,35.01,86,1,5.82
19,Kapaa,US,2020-11-12 04:15:26,22.08,-159.32,moderate rain,80.6,69,20,20.8
20,Mataura,NZ,2020-11-12 04:15:26,-46.19,168.86,scattered clouds,57.99,79,43,18.01
21,Agua Branca,BR,2020-11-12 04:15:27,-5.89,-42.64,broken clouds,78.19,63,73,4.45
22,Piranhas,BR,2020-11-12 04:15:27,-16.43,-51.82,heavy intensity rain,74.17,74,79,2.19
23,Qaanaaq,GL,2020-11-12 04:15:10,77.48,-69.36,clear sky,4.59,72,7,9.73
24,San Quintin,MX,2020-11-12 04:15:27,30.48,-115.95,scattered clouds,44.01,10,48,5.01
25,Upernavik,GL,2020-11-12 04:15:28,72.79,-56.15,overcast clouds,13.87,86,97,8.75
26,Longyearbyen,SJ,2020-11-12 04:15:28,78.22,15.64,broken clouds,46.4,87,75,40.26
27,Busselton,AU,2020-11-12 04:15:28,-33.65,115.33,overcast clouds,63.0,72,91,5.99
28,Asosa,ET,2020-11-12 04:15:28,10.07,34.53,clear sky,63.07,66,0,3.09
29,Tonantins,BR,2020-11-12 04:15:29,-2.87,-67.8,broken clouds,76.53,83,65,1.66
30,Samarai,PG,2020-11-12 04:15:29,-10.62,150.67,clear sky,80.19,73,10,13.89
31,New Norfolk,AU,2020-11-12 04:12:31,-42.78,147.06,light rain,73.0,49,96,5.99
32,Kathu,TH,2020-11-12 04:15:29,7.92,98.33,few clouds,87.01,70,20,6.93
33,Port Elizabeth,ZA,2020-11-12 04:15:30,-33.92,25.57,clear sky,60.8,93,0,6.93
34,Bredasdorp,ZA,2020-11-12 04:12:30,-34.53,20.04,clear sky,62.01,82,6,5.01
35,Tessalit,ML,2020-11-12 04:15:30,20.2,1.01,clear sky,65.62,28,2,8.66
36,Coueron,FR,2020-11-12 04:15:30,47.22,-1.72,overcast clouds,51.01,93,90,5.82
37,Albany,US,2020-11-12 04:13:01,42.6,-73.97,light rain,61.0,81,100,7.27
38,Qingdao,CN,2020-11-12 04:13:59,36.1,120.37,few clouds,66.99,59,20,11.18
39,Calbuco,CL,2020-11-12 04:15:31,-41.77,-73.13,few clouds,48.2,93,20,2.24
40,Catuday,PH,2020-11-12 04:15:31,16.29,119.81,moderate rain,78.89,83,100,37.78
41,Saskylakh,RU,2020-11-12 04:12:07,71.92,114.08,overcast clouds,-5.49,89,100,3.67
42,Port Alfred,ZA,2020-11-12 04:15:32,-33.59,26.89,clear sky,62.8,80,0,16.33
43,Chicama,PE,2020-11-12 04:15:32,-7.84,-79.15,overcast clouds,63.12,83,95,3.4
44,Chuy,UY,2020-11-12 04:15:33,-33.7,-53.46,scattered clouds,60.49,93,35,7.16
45,Ribeira Grande,PT,2020-11-12 04:15:33,38.52,-28.7,overcast clouds,61.39,60,99,8.19
46,Victoria,HK,2020-11-12 04:15:06,22.29,114.16,clear sky,80.01,33,0,5.82
47,Elk Point,US,2020-11-12 04:15:34,42.68,-96.68,clear sky,28.99,100,1,5.82
48,Roma,US,2020-11-12 04:15:35,43.21,-75.46,overcast clouds,53.6,71,90,9.17
49,Hambantota,LK,2020-11-12 04:13:11,6.12,81.12,moderate rain,82.4,94,40,3.36
50,Saldanha,ZA,2020-11-12 04:15:36,-33.01,17.94,clear sky,59.0,72,0,3.36
51,Yellowknife,CA,2020-11-12 04:15:36,62.46,-114.35,light snow,14.0,78,75,18.34
52,San Jeronimo,PE,2020-11-12 04:15:36,-11.95,-75.28,light rain,51.84,72,100,2.42
53,Rikitea,PF,2020-11-12 04:15:36,-23.12,-134.97,few clouds,72.43,75,22,19.57
54,Sao Filipe,CV,2020-11-12 04:15:36,14.9,-24.5,clear sky,79.83,69,0,3.91
55,Carnarvon,AU,2020-11-12 04:15:37,-24.87,113.63,clear sky,73.4,53,2,19.46
56,Bubaque,GW,2020-11-12 04:13:13,11.28,-15.83,clear sky,83.5,78,0,12.57
57,Thompson,CA,2020-11-12 04:13:13,55.74,-97.86,broken clouds,-2.2,77,75,6.93
58,Envira,BR,2020-11-12 04:15:37,-7.3,-70.22,overcast clouds,72.34,94,91,2.59
59,Union,US,2020-11-12 04:15:38,40.63,-74.27,heavy intensity rain,66.99,100,90,8.97
60,Ocean City,US,2020-11-12 04:15:38,39.28,-74.57,light rain,69.8,88,90,6.93
61,Kahului,US,2020-11-12 04:12:29,20.89,-156.47,scattered clouds,80.6,57,40,21.92
62,Cidreira,BR,2020-11-12 04:15:38,-30.18,-50.21,overcast clouds,67.37,90,99,5.37
63,Pisco,PE,2020-11-12 04:15:39,-13.7,-76.22,clear sky,64.4,88,0,10.29
64,Atuona,PF,2020-11-12 04:15:39,-9.8,-139.03,clear sky,77.86,75,2,13.18
65,San Patricio,US,2020-11-12 04:12:40,28.02,-97.52,few clouds,73.99,88,20,5.82
66,Tuktoyaktuk,CA,2020-11-12 04:15:39,69.45,-133.04,broken clouds,1.4,77,75,8.05
67,Richards Bay,ZA,2020-11-12 04:15:39,-28.78,32.04,broken clouds,65.89,79,71,3.2
68,Norman Wells,CA,2020-11-12 04:15:39,65.28,-126.83,few clouds,-13.0,83,20,3.36
69,Borovoy,RU,2020-11-12 04:15:40,55.43,86.08,broken clouds,30.2,63,75,11.18
70,Vaini,TO,2020-11-12 04:15:40,-21.2,-175.2,broken clouds,78.8,83,75,11.41
71,Loa Janan,ID,2020-11-12 04:15:40,-0.58,117.09,overcast clouds,94.39,47,98,3.65
72,Khorinsk,RU,2020-11-12 04:15:40,52.17,109.77,clear sky,26.94,88,0,1.12
73,Barrow,US,2020-11-12 04:15:29,71.29,-156.79,mist,19.4,85,90,19.46
74,Green River,US,2020-11-12 04:15:41,41.53,-109.47,broken clouds,19.4,85,75,12.75
75,Mount Isa,AU,2020-11-12 04:15:41,-20.73,139.5,scattered clouds,105.8,21,40,12.75
76,Punta Arenas,CL,2020-11-12 04:11:03,-53.15,-70.92,clear sky,48.2,76,0,8.05
77,Anadyr,RU,2020-11-12 04:12:45,64.75,177.48,few clouds,15.8,92,20,6.71
78,Zhezkazgan,KZ,2020-11-12 04:15:42,47.8,67.71,overcast clouds,26.6,79,90,17.9
79,Hilo,US,2020-11-12 04:15:42,19.73,-155.09,overcast clouds,78.8,65,90,8.05
80,Saint-Georges,GD,2020-11-12 04:15:42,12.06,-61.75,light intensity shower rain,82.4,83,20,17.22
81,Houston,US,2020-11-12 04:14:36,29.76,-95.36,scattered clouds,73.4,53,40,11.41
82,Ribas Do Rio Pardo,BR,2020-11-12 04:15:43,-20.44,-53.76,broken clouds,71.4,83,67,4.12
83,Ufimskiy,RU,2020-11-12 04:15:43,56.71,58.05,overcast clouds,21.43,96,100,9.19
84,Mantua,IT,2020-11-12 04:15:43,45.17,10.78,broken clouds,48.99,92,69,1.97
85,Warrington,GB,2020-11-12 04:15:43,53.39,-2.58,overcast clouds,52.0,87,99,16.11
86,Cape Town,ZA,2020-11-12 04:11:21,-33.93,18.42,clear sky,63.0,82,0,2.24
87,Tazovskiy,RU,2020-11-12 04:13:26,67.47,78.7,broken clouds,-2.56,92,78,8.37
88,Pacifica,US,2020-11-12 04:15:44,37.61,-122.49,broken clouds,53.6,81,75,11.41
89,Tasiilaq,GL,2020-11-12 04:13:01,65.61,-37.64,clear sky,16.57,77,0,6.85
90,Eureka,US,2020-11-12 04:15:44,40.8,-124.16,clear sky,44.01,91,0,3.24
91,Arraial Do Cabo,BR,2020-11-12 04:15:45,-22.97,-42.03,overcast clouds,72.91,93,100,8.79
92,Escanaba,US,2020-11-12 04:15:45,45.75,-87.06,clear sky,37.0,69,1,9.17
93,Yar-Sale,RU,2020-11-12 04:15:45,66.83,70.83,overcast clouds,3.25,94,90,8.3
94,Tournai,BE,2020-11-12 04:15:46,50.61,3.39,light rain,53.01,93,100,16.11
95,Nadym,RU,2020-11-12 04:15:46,65.53,72.52,few clouds,-0.4,93,18,8.59
96,Raga,SS,2020-11-12 04:15:46,8.46,25.68,clear sky,69.21,35,0,4.12
97,Hithadhoo,MV,2020-11-12 04:15:47,-0.6,73.08,overcast clouds,83.57,68,98,1.66
98,Pervomayskoye,RU,2020-11-12 04:15:47,43.92,46.71,clear sky,32.49,89,0,2.71
99,Barra,BR,2020-11-12 04:15:47,-11.09,-43.14,clear sky,75.09,61,0,4.52
100,Griffith,US,2020-11-12 04:12:24,41.53,-87.42,clear sky,33.8,86,1,3.74
101,Homer,US,2020-11-12 04:15:06,59.64,-151.55,light rain,41.0,75,90,3.36
102,Barra Do Bugres,BR,2020-11-12 04:15:48,-15.07,-57.18,moderate rain,72.28,95,100,1.43
103,Santa Cruz,BO,2020-11-12 04:13:37,-17.8,-63.17,scattered clouds,71.6,88,40,3.36
104,Ayan,RU,2020-11-12 04:15:48,56.45,138.17,overcast clouds,30.42,88,98,2.21
105,Castro,BR,2020-11-12 04:11:18,-24.79,-50.01,overcast clouds,61.5,96,100,3.0
106,Benguela,AO,2020-11-12 04:15:49,-12.58,13.41,overcast clouds,77.31,78,98,2.15
107,Pochutla,MX,2020-11-12 04:15:49,15.74,-96.47,broken clouds,77.0,87,56,3.0
108,Hammerfest,NO,2020-11-12 04:15:49,70.66,23.68,clear sky,37.4,86,0,10.29
109,Tiksi,RU,2020-11-12 04:15:49,71.69,128.87,overcast clouds,2.97,92,99,4.32
110,Dikson,RU,2020-11-12 04:12:27,73.51,80.55,overcast clouds,2.44,94,98,4.18
111,Rocky Mount,US,2020-11-12 04:11:00,35.94,-77.79,heavy intensity rain,71.6,94,90,8.05
112,Sao Gotardo,BR,2020-11-12 04:15:50,-19.31,-46.05,light rain,69.01,100,100,1.41
113,Cascais,PT,2020-11-12 04:15:50,38.7,-9.42,overcast clouds,61.0,84,100,4.52
114,Hobart,AU,2020-11-12 04:15:48,-42.88,147.33,scattered clouds,75.2,41,40,25.28
115,Belfast,GB,2020-11-12 04:15:51,54.58,-5.93,few clouds,46.4,81,14,12.75
116,Kathmandu,NP,2020-11-12 04:12:30,27.72,85.32,few clouds,62.6,63,20,0.89
117,Angren,UZ,2020-11-12 04:15:51,41.02,70.14,moderate rain,41.76,78,100,2.68
118,Alice Town,BS,2020-11-12 04:15:51,25.72,-79.3,overcast clouds,80.69,83,100,26.57
119,Asau,RO,2020-11-12 04:15:52,46.43,26.4,overcast clouds,42.8,87,90,5.82
120,Binga,ZW,2020-11-12 04:15:53,-17.62,27.34,overcast clouds,73.94,77,100,4.5
121,Jamestown,US,2020-11-12 04:12:25,42.1,-79.24,overcast clouds,44.01,87,90,11.41
122,Alyangula,AU,2020-11-12 04:15:53,-13.85,136.42,broken clouds,93.2,44,69,12.75
123,Narsaq,GL,2020-11-12 04:14:42,60.92,-46.05,clear sky,22.35,80,0,6.89
124,Butaritari,KI,2020-11-12 04:12:50,3.07,172.79,overcast clouds,81.72,77,100,13.44
125,Labuhan,ID,2020-11-12 04:15:54,-6.88,112.21,overcast clouds,89.74,60,100,12.01
126,College,US,2020-11-12 04:14:02,64.86,-147.8,broken clouds,25.0,85,75,1.97
127,Marawi,PH,2020-11-12 04:15:55,8.0,124.29,moderate rain,86.0,74,97,4.0
128,Zabaykalsk,RU,2020-11-12 04:15:55,49.63,117.32,clear sky,28.15,90,0,21.25
129,Kutum,SD,2020-11-12 04:15:56,14.2,24.67,clear sky,61.39,33,0,9.53
130,Hamilton,US,2020-11-12 04:12:24,39.18,-84.53,clear sky,41.0,80,1,11.41
131,Hobyo,SO,2020-11-12 04:15:56,5.35,48.53,broken clouds,79.74,75,67,14.05
132,Srednekolymsk,RU,2020-11-12 04:15:57,67.45,153.68,overcast clouds,-12.24,89,100,7.47
133,Khandyga,RU,2020-11-12 04:15:57,62.67,135.6,overcast clouds,4.86,94,94,1.88
134,Taoudenni,ML,2020-11-12 04:14:04,22.68,-3.98,clear sky,73.92,22,0,12.12
135,Matara,LK,2020-11-12 04:15:57,5.95,80.54,heavy intensity rain,83.44,71,98,3.02
136,Ryotsu,JP,2020-11-12 04:15:57,38.08,138.43,few clouds,55.4,47,20,3.36
137,Severo-Kurilsk,RU,2020-11-12 04:13:17,50.68,156.12,overcast clouds,37.4,79,95,27.42
138,Villazon,BO,2020-11-12 04:15:58,-22.09,-65.59,light rain,50.79,60,11,9.57
139,Hualmay,PE,2020-11-12 04:15:58,-11.1,-77.61,overcast clouds,62.11,85,96,6.46
140,Souillac,MU,2020-11-12 04:13:32,-20.52,57.52,scattered clouds,77.0,73,40,10.29
141,Aasiaat,GL,2020-11-12 04:15:58,68.71,-52.87,overcast clouds,9.97,93,94,12.17
142,Buraydah,SA,2020-11-12 04:13:01,26.33,43.98,clear sky,64.4,100,0,4.7
143,Shahr-E Babak,IR,2020-11-12 04:15:59,30.12,55.12,overcast clouds,52.02,65,93,4.23
144,Bambanglipuro,ID,2020-11-12 04:15:59,-7.95,110.28,few clouds,89.82,58,20,8.46
145,San Cristobal,VE,2020-11-12 04:16:00,7.77,-72.22,overcast clouds,66.88,91,99,3.11
146,Lazaro Cardenas,MX,2020-11-12 04:16:00,17.96,-102.2,clear sky,76.89,83,4,3.11
147,Tungor,RU,2020-11-12 04:12:08,53.38,142.96,overcast clouds,29.35,92,88,4.76
148,Krasnyy Bogatyr,RU,2020-11-12 04:16:00,56.01,41.13,clear sky,26.92,96,0,6.38
149,Okhotsk,RU,2020-11-12 04:16:01,59.38,143.3,clear sky,7.95,86,0,14.52
150,Atar,MR,2020-11-12 04:16:01,20.52,-13.05,clear sky,77.99,18,3,4.61
151,Lae,PG,2020-11-12 04:16:01,-6.72,146.98,scattered clouds,91.4,55,40,5.82
152,Kiunga,PG,2020-11-12 04:16:01,-6.12,141.29,overcast clouds,91.65,52,100,1.83
153,Port Blair,IN,2020-11-12 04:14:02,11.67,92.75,broken clouds,83.95,73,53,19.69
154,Cuddapah,IN,2020-11-12 04:16:02,14.47,78.82,mist,80.6,88,75,1.63
155,Tiznit,MA,2020-11-12 04:16:02,29.58,-9.5,overcast clouds,64.99,35,100,0.54
156,Qasigiannguit,GL,2020-11-12 04:16:02,68.82,-51.19,broken clouds,8.24,89,79,6.13
157,Poum,NC,2020-11-12 04:16:02,-20.23,164.02,light rain,76.48,72,4,8.99
158,Baghdad,IQ,2020-11-12 04:16:03,33.34,44.4,clear sky,60.8,72,0,3.36
159,Lagoa,PT,2020-11-12 04:13:20,39.05,-27.98,overcast clouds,61.0,57,100,7.18
160,Westport,US,2020-11-12 04:12:46,41.14,-73.36,moderate rain,64.0,100,90,7.2
161,Rock Springs,US,2020-11-12 04:16:03,41.59,-109.2,broken clouds,19.4,85,75,12.75
162,Tuatapere,NZ,2020-11-12 04:16:04,-46.13,167.68,few clouds,57.99,79,20,18.01
163,Watertown,US,2020-11-12 04:13:58,42.37,-71.18,moderate rain,66.99,88,90,13.87
164,Voh,NC,2020-11-12 04:16:04,-20.97,164.7,moderate rain,80.62,64,36,5.73
165,Makat,KZ,2020-11-12 04:16:05,47.65,53.35,clear sky,27.46,96,10,8.88
166,Ust-Tsilma,RU,2020-11-12 04:16:05,65.44,52.15,light snow,27.36,96,100,8.21
167,Seoul,KR,2020-11-12 04:12:53,37.57,126.98,clear sky,60.8,41,1,1.81
168,Sisimiut,GL,2020-11-12 04:13:11,66.94,-53.67,overcast clouds,17.62,91,100,15.68
169,Rawson,AR,2020-11-12 04:11:08,-43.3,-65.1,light rain,66.61,64,99,17.96
170,Qiqihar,CN,2020-11-12 04:16:06,47.34,123.97,broken clouds,44.15,61,83,14.85
171,Imbituba,BR,2020-11-12 04:16:06,-28.24,-48.67,broken clouds,73.4,94,75,4.7
172,Leningradskiy,RU,2020-11-12 04:16:06,69.38,178.42,snow,23.52,97,100,18.92
173,Talnakh,RU,2020-11-12 04:12:27,69.49,88.4,scattered clouds,3.2,84,40,15.66
174,Jales,BR,2020-11-12 04:16:07,-20.27,-50.55,scattered clouds,73.36,71,45,4.16
175,Cabo San Lucas,MX,2020-11-12 04:16:07,22.89,-109.91,clear sky,70.0,68,5,5.82
176,Fortuna,US,2020-11-12 04:13:01,40.6,-124.16,broken clouds,44.01,100,75,4.7
177,Kailua,US,2020-11-12 04:15:36,21.4,-157.74,overcast clouds,80.6,69,90,17.22
178,Veraval,IN,2020-11-12 04:16:08,20.9,70.37,clear sky,81.61,31,0,14.34
179,Dunedin,NZ,2020-11-12 04:13:27,-45.87,170.5,broken clouds,61.0,70,83,8.01
180,Valdivia,CL,2020-11-12 04:13:48,-39.81,-73.25,broken clouds,48.2,100,75,1.12
181,Polewali,ID,2020-11-12 04:16:08,-3.43,119.34,few clouds,90.48,51,23,3.87
182,Cayenne,GF,2020-11-12 04:13:08,4.93,-52.33,few clouds,75.2,100,20,9.22
183,Bayanday,RU,2020-11-12 04:16:09,53.07,105.51,scattered clouds,28.67,90,39,2.62
184,Lakeside,US,2020-11-12 04:16:09,30.13,-81.77,overcast clouds,78.8,78,90,10.29
185,Bambous Virieux,MU,2020-11-12 04:16:09,-20.34,57.76,scattered clouds,80.01,73,40,10.29
186,East London,ZA,2020-11-12 04:13:48,-33.02,27.91,clear sky,62.6,72,0,6.93
187,Linhai,CN,2020-11-12 04:16:10,28.85,121.12,clear sky,73.99,33,4,4.5
188,Surgut,RU,2020-11-12 04:12:01,61.25,73.42,broken clouds,19.4,85,75,6.71
189,Dubbo,AU,2020-11-12 04:16:10,-32.25,148.62,overcast clouds,82.4,37,90,10.29
190,Barra Do Garcas,BR,2020-11-12 04:16:11,-15.89,-52.26,light rain,73.99,79,64,2.1
191,Brae,GB,2020-11-12 04:16:11,60.4,-1.35,light rain,51.8,93,100,23.04
192,Ijuin,JP,2020-11-12 04:16:11,31.62,130.4,few clouds,64.4,48,20,3.36
193,Lavrentiya,RU,2020-11-12 04:14:29,65.58,-171.0,overcast clouds,32.36,95,100,12.57
194,Broken Hill,AU,2020-11-12 04:13:06,-31.95,141.43,overcast clouds,80.6,28,90,13.87
195,Port Hardy,CA,2020-11-12 04:16:12,50.7,-127.42,broken clouds,42.8,86,75,10.29
196,Hofn,IS,2020-11-12 04:16:12,64.25,-15.21,broken clouds,37.87,72,52,8.77
197,Dali,CN,2020-11-12 04:16:13,25.7,100.18,clear sky,65.97,53,3,1.61
198,Livingston,GB,2020-11-12 04:11:47,55.9,-3.52,scattered clouds,51.8,87,40,10.29
199,Magadan,RU,2020-11-12 04:16:14,59.57,150.8,clear sky,6.3,83,0,7.18
200,Vanavara,RU,2020-11-12 04:16:14,60.34,102.28,light snow,26.46,96,100,14.36
201,Saint George,US,2020-11-12 04:12:59,37.1,-113.58,clear sky,45.0,48,1,4.7
202,Casablanca,MA,2020-11-12 04:13:03,33.59,-7.62,clear sky,57.2,93,0,3.36
203,Dzilam Gonzalez,MX,2020-11-12 04:16:15,21.28,-88.93,broken clouds,75.11,97,66,2.82
204,Hami,CN,2020-11-12 04:15:55,42.8,93.45,clear sky,50.29,40,0,3.09
205,Kruisfontein,ZA,2020-11-12 04:13:28,-34.0,24.73,clear sky,54.0,94,0,4.14
206,Praia Da Vitoria,PT,2020-11-12 04:16:16,38.73,-27.07,scattered clouds,55.99,87,40,3.94
207,Muros,ES,2020-11-12 04:16:16,42.78,-9.06,broken clouds,54.0,81,75,6.93
208,Esperance,AU,2020-11-12 04:12:29,-33.87,121.9,overcast clouds,62.6,63,90,9.17
209,Vieste,IT,2020-11-12 04:16:17,41.88,16.18,fog,46.4,100,5,3.36
210,Korla,CN,2020-11-12 04:16:17,41.76,86.15,scattered clouds,47.32,42,45,5.32
211,Saint-Philippe,RE,2020-11-12 04:16:17,-21.36,55.77,few clouds,78.8,65,20,3.36
212,Oak Ridge,US,2020-11-12 04:16:17,36.01,-84.27,overcast clouds,61.0,100,90,4.7
213,Skibbereen,IE,2020-11-12 04:16:17,51.55,-9.27,broken clouds,42.8,87,75,5.82
214,Buala,SB,2020-11-12 04:16:18,-8.14,159.59,light rain,84.88,72,71,6.11
215,Ostrovnoy,RU,2020-11-12 04:16:18,68.05,39.51,overcast clouds,31.06,93,98,11.54
216,Karratha,AU,2020-11-12 04:11:28,-20.74,116.85,clear sky,95.9,17,0,15.64
217,Kodiak,US,2020-11-12 04:16:18,57.79,-152.41,clear sky,42.8,70,1,3.36
218,Lebu,CL,2020-11-12 04:16:18,-37.62,-73.65,clear sky,51.84,86,7,12.97
219,Tieli,CN,2020-11-12 04:16:18,46.95,128.05,light rain,45.7,79,99,9.46
220,Codrington,AU,2020-11-12 04:16:19,-38.27,141.97,broken clouds,62.91,73,71,12.8
221,Axim,GH,2020-11-12 04:16:10,4.87,-2.24,scattered clouds,77.81,84,25,4.21
222,Luanda,AO,2020-11-12 04:11:38,-8.84,13.23,broken clouds,78.8,83,75,4.7
223,Ola,RU,2020-11-12 04:16:19,59.58,151.28,clear sky,6.75,84,0,9.19
224,Chokurdakh,RU,2020-11-12 04:16:19,70.63,147.92,broken clouds,-13.92,91,79,2.77
225,Nishihara,JP,2020-11-12 04:16:20,26.18,127.76,overcast clouds,77.0,53,90,13.87
226,Tecolutla,MX,2020-11-12 04:16:20,20.48,-97.02,clear sky,75.85,84,1,6.98
227,Verkhnevilyuysk,RU,2020-11-12 04:16:21,63.45,120.32,overcast clouds,22.51,98,100,1.21
228,Montrose,US,2020-11-12 04:13:53,38.42,-108.27,clear sky,30.2,58,1,3.36
229,Osypenko,UA,2020-11-12 04:16:21,46.91,36.83,broken clouds,33.01,53,82,11.01
230,Plettenberg Bay,ZA,2020-11-12 04:13:53,-34.05,23.37,clear sky,61.5,76,0,3.87
231,Northam,GB,2020-11-12 04:12:55,51.03,-4.22,light rain,51.01,96,73,8.01
232,Mar Del Plata,AR,2020-11-12 04:16:21,-38.0,-57.56,clear sky,63.0,82,0,5.82
233,Kaseda,JP,2020-11-12 04:14:23,31.42,130.32,few clouds,64.4,48,20,3.36
234,Hasaki,JP,2020-11-12 04:13:37,35.73,140.83,broken clouds,55.4,58,75,11.41
235,Sungairaya,ID,2020-11-12 04:16:22,0.7,108.9,broken clouds,89.29,60,70,4.56
236,Lengshuijiang,CN,2020-11-12 04:16:22,27.69,111.43,clear sky,71.35,36,0,2.84
237,Grand Gaube,MU,2020-11-12 04:16:22,-20.01,57.66,clear sky,80.01,65,5,5.01
238,Jumla,NP,2020-11-12 04:15:04,29.27,82.18,clear sky,61.47,25,0,1.7
239,Rio Grande,BR,2020-11-12 04:15:20,-32.03,-52.1,overcast clouds,63.0,97,100,10.78
240,Wilson,US,2020-11-12 04:16:23,36.15,-86.28,overcast clouds,55.0,81,90,5.82
241,Cockburn Town,TC,2020-11-12 04:16:23,21.46,-71.14,broken clouds,80.87,77,59,26.33
242,Narsipatnam,IN,2020-11-12 04:16:24,17.67,82.62,broken clouds,78.8,78,75,3.36
243,Vrangel,RU,2020-11-12 04:16:24,42.73,133.08,broken clouds,51.42,86,74,9.33
244,Victor Harbor,AU,2020-11-12 04:16:24,-35.57,138.62,overcast clouds,66.99,64,100,1.99
245,Bilma,NE,2020-11-12 04:12:50,18.69,12.92,broken clouds,66.49,32,67,9.6
246,Antalaha,MG,2020-11-12 04:16:25,-14.9,50.28,scattered clouds,75.33,68,26,4.72
247,Liku,ID,2020-11-12 04:16:25,-0.73,119.89,broken clouds,89.47,53,61,1.66
248,Yerbogachen,RU,2020-11-12 04:16:25,61.28,108.01,overcast clouds,19.98,96,100,8.05
249,Luau,AO,2020-11-12 04:16:25,-10.71,22.22,light rain,64.62,99,100,2.73
250,Naze,JP,2020-11-12 04:14:31,28.37,129.48,broken clouds,77.0,65,75,23.04
251,Portland,US,2020-11-12 04:13:34,45.52,-122.68,scattered clouds,43.0,81,40,3.36
252,Seddon,AU,2020-11-12 04:16:26,-37.81,144.89,scattered clouds,75.2,44,40,18.34
253,Rundu,NA,2020-11-12 04:16:26,-17.93,19.77,scattered clouds,70.66,57,37,3.38
254,Moerai,PF,2020-11-12 04:16:26,-22.43,-151.33,light rain,75.63,80,100,11.12
255,Vezirkopru,TR,2020-11-12 04:16:27,41.14,35.45,broken clouds,46.4,77,75,2.24
256,Xining,CN,2020-11-12 04:16:27,36.62,101.77,scattered clouds,46.11,46,42,1.81
257,Katsuura,JP,2020-11-12 04:12:16,35.13,140.3,broken clouds,55.0,58,75,11.41
258,Sault Sainte Marie,CA,2020-11-12 04:12:36,46.52,-84.33,clear sky,32.0,92,1,5.82
259,Osoyoos,CA,2020-11-12 04:16:28,49.03,-119.45,few clouds,32.0,86,14,1.12
260,Bahia Honda,CU,2020-11-12 04:16:28,22.9,-83.16,light rain,76.82,89,92,8.99
261,Virginia Beach,US,2020-11-12 04:16:08,36.85,-75.98,very heavy rain,73.4,94,90,6.93
262,Trincomalee,LK,2020-11-12 04:16:28,8.57,81.23,light rain,79.92,84,100,6.4
263,Clyde River,CA,2020-11-12 04:16:29,70.47,-68.59,light snow,8.6,84,20,35.57
264,Zhaotong,CN,2020-11-12 04:16:29,27.32,103.72,broken clouds,58.08,66,51,3.56
265,Port Keats,AU,2020-11-12 04:16:29,-14.25,129.55,broken clouds,92.79,53,51,9.35
266,At-Bashi,KG,2020-11-12 04:16:29,41.17,75.81,few clouds,39.7,56,13,0.94
267,Porangatu,BR,2020-11-12 04:16:30,-13.44,-49.15,clear sky,76.84,64,5,2.46
268,Beidao,CN,2020-11-12 04:16:30,34.57,105.89,broken clouds,64.35,42,82,6.46
269,Shimoda,JP,2020-11-12 04:16:30,34.67,138.95,broken clouds,55.4,66,75,18.34
270,Bengkulu,ID,2020-11-12 04:12:40,-3.8,102.27,overcast clouds,87.98,58,100,6.44
271,Ayna,PE,2020-11-12 04:16:30,-12.65,-73.92,light rain,61.93,79,99,0.29
272,Bela Vista,BR,2020-11-12 04:16:31,-22.11,-56.52,broken clouds,70.92,93,84,2.98
273,Elko,US,2020-11-12 04:16:31,41.0,-115.5,broken clouds,30.2,68,75,3.36
274,Capao Bonito,BR,2020-11-12 04:11:47,-24.01,-48.35,overcast clouds,65.34,96,100,1.81
275,Montepulciano,IT,2020-11-12 04:16:31,43.1,11.79,scattered clouds,54.0,85,36,3.29
276,Gondar,ET,2020-11-12 04:16:31,12.6,37.47,clear sky,55.78,54,0,7.16
277,Constitucion,CL,2020-11-12 04:16:32,-35.33,-72.42,broken clouds,52.34,90,81,7.56
278,Kidal,ML,2020-11-12 04:16:32,18.44,1.41,clear sky,68.14,25,0,11.59
279,Pimenta Bueno,BR,2020-11-12 04:13:52,-11.67,-61.19,overcast clouds,74.35,84,90,2.13
280,Sibolga,ID,2020-11-12 04:14:22,1.74,98.78,light rain,85.96,67,24,4.03
281,Nome,US,2020-11-12 04:16:34,64.5,-165.41,overcast clouds,33.8,98,90,4.43
282,Palana,RU,2020-11-12 04:16:34,59.12,159.97,overcast clouds,19.54,97,89,7.72
283,Roald,NO,2020-11-12 04:13:37,62.58,6.13,overcast clouds,53.6,71,100,8.05
284,Kaitangata,NZ,2020-11-12 04:12:25,-46.28,169.85,broken clouds,61.0,60,81,7.0
285,Fajardo,PR,2020-11-12 04:16:35,18.33,-65.65,moderate rain,77.0,100,90,4.7
286,Takoradi,GH,2020-11-12 04:16:36,4.88,-1.76,clear sky,78.03,84,0,4.45
287,Bandarbeyla,SO,2020-11-12 04:16:36,9.49,50.81,overcast clouds,76.24,78,100,16.17
288,Liverpool,GB,2020-11-12 04:16:36,53.41,-2.98,overcast clouds,52.0,87,99,16.11
289,Waipawa,NZ,2020-11-12 04:16:36,-41.41,175.52,few clouds,63.0,67,12,23.04
290,Sarakhs,IR,2020-11-12 04:16:36,36.54,61.16,overcast clouds,48.2,100,100,2.24
291,Najran,SA,2020-11-12 04:16:37,17.49,44.13,clear sky,59.0,47,0,3.36
292,Airai,TL,2020-11-12 04:16:37,-8.93,125.41,overcast clouds,81.75,44,95,3.56
293,Kavaratti,IN,2020-11-12 04:16:37,10.57,72.64,few clouds,84.2,66,20,4.7
294,Santiago,CL,2020-11-12 04:14:18,-33.46,-70.65,broken clouds,63.0,71,68,9.17
295,Tahe,CN,2020-11-12 04:16:38,52.33,124.73,light snow,19.02,94,100,6.87
296,Kachkanar,RU,2020-11-12 04:16:38,58.7,59.49,overcast clouds,21.92,93,100,9.22
297,Baturaja,ID,2020-11-12 04:16:38,-4.13,104.17,scattered clouds,91.69,49,31,4.54
298,Faya,SA,2020-11-12 04:16:38,18.39,42.45,clear sky,57.2,100,0,2.48
299,Alofi,NU,2020-11-12 04:16:39,-19.06,-169.92,scattered clouds,82.4,65,40,9.17
300,Atasu,KZ,2020-11-12 04:16:39,48.68,71.64,overcast clouds,31.48,95,100,23.89
301,Shubarshi,KZ,2020-11-12 04:16:39,48.59,57.19,few clouds,26.98,97,22,11.01
302,Yakeshi,CN,2020-11-12 04:16:39,49.28,120.73,overcast clouds,29.57,96,97,17.6
303,Nikolskoye,RU,2020-11-12 04:16:39,59.7,30.79,overcast clouds,42.8,93,90,6.71
304,Goderich,CA,2020-11-12 04:16:40,43.75,-81.72,clear sky,41.0,64,0,11.41
305,Bejar,ES,2020-11-12 04:16:40,40.39,-5.76,overcast clouds,48.99,84,100,1.88
306,Linxia,CN,2020-11-12 04:16:40,35.6,103.21,clear sky,50.86,48,0,3.06
307,Eregli,TR,2020-11-12 04:16:40,37.51,34.05,clear sky,40.82,82,0,1.32
308,Bikaner,IN,2020-11-12 04:15:05,28.02,73.3,scattered clouds,74.3,24,44,3.98
309,Guerrero Negro,MX,2020-11-12 04:16:41,27.98,-114.06,clear sky,62.17,63,0,9.78
310,Kununurra,AU,2020-11-12 04:15:37,-15.77,128.73,few clouds,107.6,23,16,17.22
311,Boguchany,RU,2020-11-12 04:11:44,58.38,97.45,overcast clouds,34.81,82,93,16.49
312,Omsukchan,RU,2020-11-12 04:16:41,62.53,155.8,overcast clouds,-14.66,84,100,4.65
313,Nioro,GM,2020-11-12 04:16:42,13.35,-15.75,clear sky,74.59,29,0,2.8
314,Haines Junction,CA,2020-11-12 04:16:42,60.75,-137.51,broken clouds,33.8,59,79,10.29
315,Tecoanapa,MX,2020-11-12 04:16:42,16.52,-98.75,clear sky,78.55,77,0,5.1
316,Toropets,RU,2020-11-12 04:16:42,56.5,31.64,overcast clouds,33.55,96,99,3.04
317,Molchanovo,RU,2020-11-12 04:16:42,57.58,83.77,overcast clouds,28.98,94,100,13.62
318,Inhambane,MZ,2020-11-12 04:16:43,-23.86,35.38,broken clouds,73.4,88,75,4.7
319,Teguise,ES,2020-11-12 04:16:43,29.06,-13.56,clear sky,66.2,88,0,3.36
320,Lorengau,PG,2020-11-12 04:16:43,-2.02,147.27,overcast clouds,86.05,63,95,6.58
321,Colquechaca,BO,2020-11-12 04:16:43,-18.67,-66.02,light rain,35.6,100,52,3.53
322,Alakurtti,RU,2020-11-12 04:16:44,66.97,30.35,overcast clouds,30.99,96,98,2.95
323,Klaksvik,FO,2020-11-12 04:16:44,62.23,-6.59,overcast clouds,41.0,86,100,13.87
324,Gisenyi,RW,2020-11-12 04:16:44,-1.7,29.26,light rain,64.0,79,100,3.76
325,Kavieng,PG,2020-11-12 04:12:52,-2.57,150.8,overcast clouds,84.7,70,100,6.76
326,Namatanai,PG,2020-11-12 04:16:45,-3.67,152.43,light rain,83.91,73,92,6.11
327,Morondava,MG,2020-11-12 04:16:45,-20.28,44.28,few clouds,77.86,75,11,6.26
328,Jalu,LY,2020-11-12 04:13:25,29.03,21.55,clear sky,58.01,77,0,4.45
329,Ishim,RU,2020-11-12 04:16:45,56.11,69.49,overcast clouds,22.5,97,92,6.22
330,Georgetown,MY,2020-11-12 04:16:45,5.41,100.34,few clouds,86.0,83,20,6.93
331,Ancud,CL,2020-11-12 04:13:08,-41.87,-73.82,scattered clouds,54.0,93,50,2.24
332,Masingbi,SL,2020-11-12 04:16:46,8.78,-11.95,clear sky,71.51,97,0,1.43
333,Lewistown,US,2020-11-12 04:16:46,40.6,-77.57,fog,64.99,100,100,2.64
334,Pathein,MM,2020-11-12 04:16:46,16.78,94.73,clear sky,82.85,72,0,11.68
335,Los Llanos De Aridane,ES,2020-11-12 04:12:48,28.66,-17.92,clear sky,68.0,77,0,3.36
336,Miandrivazo,MG,2020-11-12 04:16:47,-19.52,45.47,broken clouds,80.76,65,73,3.53
337,Jibuti,DJ,2020-11-12 04:16:47,11.5,42.5,haze,77.0,78,1,9.89
338,Forestville,US,2020-11-12 04:16:47,38.85,-76.88,moderate rain,70.0,100,90,5.82
339,Faanui,PF,2020-11-12 04:16:47,-16.48,-151.75,moderate rain,78.69,77,99,9.46
340,Coquimbo,CL,2020-11-12 04:11:48,-29.95,-71.34,few clouds,53.2,89,16,3.09
341,Ewo,CG,2020-11-12 04:16:48,-0.87,14.82,broken clouds,70.39,90,59,2.37
342,Cheremukhovo,RU,2020-11-12 04:16:48,60.35,59.99,overcast clouds,23.07,92,100,8.95
343,Torbay,CA,2020-11-12 04:16:48,47.67,-52.73,overcast clouds,46.99,93,90,14.99
344,Ulaangom,MN,2020-11-12 04:16:48,49.98,92.07,overcast clouds,32.32,85,96,3.67
345,Peterhead,GB,2020-11-12 04:16:49,57.51,-1.8,overcast clouds,51.8,93,90,21.92
346,Mahibadhoo,MV,2020-11-12 04:16:49,3.78,72.97,scattered clouds,82.69,74,34,7.99
347,Orlik,RU,2020-11-12 04:16:49,52.52,99.83,overcast clouds,20.7,78,99,2.73
348,Ust-Uda,RU,2020-11-12 04:16:49,54.17,103.03,broken clouds,29.7,92,62,9.4
349,Kabare,CD,2020-11-12 04:16:50,-2.47,28.82,overcast clouds,61.77,84,95,2.15
350,Ponta Delgada,PT,2020-11-12 04:16:50,37.73,-25.67,broken clouds,59.0,67,75,4.7
351,Meiganga,CM,2020-11-12 04:16:50,6.52,14.3,few clouds,66.63,53,13,3.2
352,Fredericksburg,US,2020-11-12 04:14:16,38.3,-77.46,moderate rain,70.0,100,40,5.82
353,Olafsvik,IS,2020-11-12 04:16:50,64.89,-23.71,light rain,37.76,89,100,13.33
354,Pevek,RU,2020-11-12 04:16:51,69.7,170.31,overcast clouds,16.99,95,100,14.32
355,Sinnamary,GF,2020-11-12 04:16:51,5.38,-52.95,light rain,78.28,89,100,12.95
356,Mount Gambier,AU,2020-11-12 04:16:51,-37.83,140.77,overcast clouds,62.6,72,90,18.34
357,Ligaya,PH,2020-11-12 04:16:51,12.66,120.89,moderate rain,81.18,84,100,15.59
358,Bangolo,CI,2020-11-12 04:16:52,7.01,-7.47,light rain,69.57,99,100,1.1
359,Jaciara,BR,2020-11-12 04:16:13,-15.97,-54.97,heavy intensity rain,72.48,88,100,3.6
360,Maragogi,BR,2020-11-12 04:15:34,-9.01,-35.22,light rain,75.29,84,29,9.24
361,Port-Gentil,GA,2020-11-12 04:16:53,-0.72,8.78,light rain,79.52,81,100,4.23
362,The Pas,CA,2020-11-12 04:16:54,53.83,-101.25,light snow,6.8,77,90,8.05
363,Aketi,CD,2020-11-12 04:16:54,2.74,23.78,overcast clouds,68.25,97,100,1.3
364,Tabas,IR,2020-11-12 04:16:54,33.6,56.92,scattered clouds,57.2,62,25,2.24
365,Bethel,US,2020-11-12 04:12:51,41.37,-73.41,overcast clouds,64.99,100,90,3.36
366,Nantucket,US,2020-11-12 04:16:55,41.28,-70.1,light rain,62.6,93,90,13.87
367,Provideniya,RU,2020-11-12 04:16:55,64.38,-173.3,light snow,30.2,92,90,4.47
368,Bontang,ID,2020-11-12 04:16:56,0.13,117.5,broken clouds,83.8,69,83,6.8
369,La Libertad,EC,2020-11-12 04:16:56,-2.23,-80.9,broken clouds,68.41,83,82,9.95
370,Saint Anthony,US,2020-11-12 04:15:19,45.02,-93.22,clear sky,33.8,96,1,6.93
371,Saquarema,BR,2020-11-12 04:16:56,-22.92,-42.51,light rain,72.86,94,100,6.98
372,Saint-Pierre,RE,2020-11-12 04:16:56,-21.34,55.48,few clouds,78.8,65,20,3.36
373,Zilair,RU,2020-11-12 04:16:57,52.23,57.44,overcast clouds,20.28,97,98,7.58
374,Ulladulla,AU,2020-11-12 04:14:25,-35.35,150.47,clear sky,80.6,47,0,9.17
375,Glens Falls,US,2020-11-12 04:12:32,43.31,-73.64,overcast clouds,66.0,93,90,6.93
376,Mareeba,AU,2020-11-12 04:16:57,-17.0,145.43,broken clouds,86.0,48,75,8.05
377,Zaoyang,CN,2020-11-12 04:16:57,32.13,112.75,clear sky,68.81,33,0,2.93
378,Mehamn,NO,2020-11-12 04:16:58,71.04,27.85,few clouds,41.79,71,18,10.22
379,Sao Sepe,BR,2020-11-12 04:16:58,-30.16,-53.57,clear sky,64.4,88,0,1.12
380,Peniche,PT,2020-11-12 04:16:58,39.36,-9.38,overcast clouds,59.0,85,100,1.01
381,Hay River,CA,2020-11-12 04:13:20,60.82,-115.8,clear sky,-2.2,70,0,9.17
382,Belyy Yar,RU,2020-11-12 04:16:58,53.6,91.39,few clouds,30.2,86,20,2.24
383,Leh,IN,2020-11-12 04:16:59,34.17,77.58,clear sky,34.41,63,0,2.75
384,Douglas,US,2020-11-12 04:16:43,41.3,-96.17,clear sky,37.99,80,1,7.16
385,Pacific Grove,US,2020-11-12 04:16:15,36.62,-121.92,broken clouds,53.01,87,75,5.26
386,Kautokeino,NO,2020-11-12 04:16:59,69.01,23.04,clear sky,21.63,95,0,8.75
387,Raudeberg,NO,2020-11-12 04:16:59,61.99,5.14,light intensity shower rain,55.0,76,100,19.46
388,Yashan,CN,2020-11-12 04:17:00,22.2,109.94,clear sky,77.65,37,0,9.73
389,Coihaique,CL,2020-11-12 04:17:00,-45.58,-72.07,broken clouds,53.6,76,75,2.24
390,Bugulma,RU,2020-11-12 04:17:00,54.55,52.8,overcast clouds,24.3,97,95,10.96
391,Cristobal Obregon,MX,2020-11-12 04:17:00,16.35,-93.53,clear sky,73.4,83,5,2.24
392,Avallon,FR,2020-11-12 04:17:01,47.48,3.9,overcast clouds,48.99,91,100,13.27
393,Bridlington,GB,2020-11-12 04:17:01,54.08,-0.19,light rain,51.8,81,100,9.17
394,Baruun-Urt,MN,2020-11-12 04:17:01,46.68,113.28,clear sky,36.32,61,0,9.15
395,Stavern,NO,2020-11-12 04:17:01,59.0,10.03,heavy intensity drizzle,46.0,100,90,10.29
396,Kudahuvadhoo,MV,2020-11-12 04:15:41,2.67,72.89,light rain,83.16,73,81,8.3
397,Tutoia,BR,2020-11-12 04:17:02,-2.76,-42.27,light rain,80.89,79,43,13.4
398,Salinopolis,BR,2020-11-12 04:17:02,-0.61,-47.36,light rain,78.53,86,100,8.93
399,Cap Malheureux,MU,2020-11-12 04:17:02,-19.98,57.61,light rain,80.01,65,10,5.01
400,Sambava,MG,2020-11-12 04:12:43,-14.27,50.17,scattered clouds,75.15,72,43,6.73
401,Alta Floresta,BR,2020-11-12 04:17:03,-9.88,-56.09,clear sky,74.59,71,9,0.78
402,Thap Khlo,TH,2020-11-12 04:17:03,16.16,100.6,broken clouds,80.62,66,71,1.41
403,Havre-Saint-Pierre,CA,2020-11-12 04:17:03,50.23,-63.6,overcast clouds,46.4,87,90,5.82
404,Huarmey,PE,2020-11-12 04:17:03,-10.07,-78.15,overcast clouds,62.44,85,90,5.64
405,Ahipara,NZ,2020-11-12 04:17:04,-35.17,173.17,scattered clouds,63.52,62,45,8.46
406,Mayumba,GA,2020-11-12 04:17:04,-3.43,10.66,moderate rain,77.92,88,99,5.06
407,Bac Lieu,VN,2020-11-12 04:17:04,9.29,105.72,light rain,83.46,77,99,14.94
408,San Ramon,US,2020-11-12 04:15:45,37.78,-121.98,clear sky,51.01,66,1,4.7
409,Maceio,BR,2020-11-12 04:14:54,-9.67,-35.74,few clouds,69.8,94,20,4.7
410,Tatawin,TN,2020-11-12 04:17:05,32.93,10.45,clear sky,55.4,82,0,1.48
411,Adjumani,UG,2020-11-12 04:17:05,3.38,31.79,scattered clouds,65.98,95,45,1.3
412,Belaya Gora,RU,2020-11-12 04:12:08,68.53,146.42,clear sky,-20.58,88,1,2.26
413,Nipawin,CA,2020-11-12 04:17:05,53.37,-104.0,scattered clouds,3.2,84,40,12.75
414,Tecpan,GT,2020-11-12 04:17:05,14.76,-90.99,mist,66.2,88,75,2.24
415,Zawiercie,PL,2020-11-12 04:17:05,50.49,19.42,overcast clouds,39.99,94,100,1.01
416,Mandalgovi,MN,2020-11-12 04:17:06,45.76,106.27,scattered clouds,33.57,71,38,11.99
417,Camacha,PT,2020-11-12 04:17:06,33.08,-16.33,few clouds,64.4,77,20,4.81
418,Vera Cruz,BR,2020-11-12 04:12:49,-12.63,-41.03,few clouds,67.33,85,16,3.04
419,Lensk,RU,2020-11-12 04:17:06,60.73,114.93,light snow,25.47,95,100,12.26
420,Namibe,AO,2020-11-12 04:13:31,-15.2,12.15,few clouds,70.75,83,14,3.56
421,Abu Samrah,SY,2020-11-12 04:17:07,35.3,37.18,scattered clouds,59.97,68,46,3.65
422,San Felipe,VE,2020-11-12 04:17:07,10.34,-68.74,moderate rain,73.24,93,99,0.92
423,Tromso,NO,2020-11-12 04:14:06,69.65,18.96,clear sky,39.0,93,0,26.4
424,Basco,PH,2020-11-12 04:17:07,20.45,121.97,heavy intensity rain,79.12,85,100,28.86
425,Sur,OM,2020-11-12 04:14:55,22.57,59.53,clear sky,77.49,53,0,3.74
426,Banja Luka,BA,2020-11-12 04:16:26,44.78,17.19,overcast clouds,42.8,100,90,3.36
427,Wewak,PG,2020-11-12 04:17:08,-3.55,143.63,overcast clouds,79.93,82,100,6.93
428,Gunjur,GM,2020-11-12 04:17:08,13.2,-16.73,clear sky,73.4,100,0,0.65
429,Savannah Bight,HN,2020-11-12 04:17:08,16.45,-85.85,broken clouds,81.9,68,53,0.58
430,Ichinohe,JP,2020-11-12 04:17:09,40.21,141.3,few clouds,50.0,46,20,4.7
431,Nuuk,GL,2020-11-12 04:14:10,64.18,-51.72,broken clouds,16.56,89,82,6.69
432,Ondjiva,AO,2020-11-12 04:17:09,-17.07,15.73,overcast clouds,72.36,53,89,6.62
433,Vao,NC,2020-11-12 04:17:09,-22.67,167.48,few clouds,72.19,85,19,17.69
434,Lata,PT,2020-11-12 04:17:09,40.16,-8.33,overcast clouds,59.0,91,100,2.75
435,Staroutkinsk,RU,2020-11-12 04:17:10,57.23,59.33,overcast clouds,20.73,96,100,9.33
436,Kuvandyk,RU,2020-11-12 04:17:10,51.48,57.36,overcast clouds,25.74,96,96,10.09
437,Cambridge,CA,2020-11-12 04:12:37,43.36,-80.31,overcast clouds,39.99,75,90,14.99
438,Chake Chake,TZ,2020-11-12 04:17:10,-5.25,39.77,moderate rain,77.97,86,98,8.79
439,Husavik,IS,2020-11-12 04:17:11,66.04,-17.34,clear sky,26.6,79,0,5.82
440,Abrau-Dyurso,RU,2020-11-12 04:17:11,44.69,37.59,broken clouds,35.6,69,53,17.9
441,Palembang,ID,2020-11-12 04:17:11,-2.92,104.75,scattered clouds,89.6,62,40,9.17
442,Abha,SA,2020-11-12 04:17:11,18.22,42.51,clear sky,57.2,100,0,2.59
443,Kopervik,NO,2020-11-12 04:17:12,59.28,5.31,light rain,50.0,71,100,21.92
444,Galveston,US,2020-11-12 04:12:51,29.37,-94.97,clear sky,73.99,64,1,10.29
445,Kota Bahru,MY,2020-11-12 04:17:12,6.13,102.24,moderate rain,77.0,94,20,3.36
446,Tocopilla,CL,2020-11-12 04:17:13,-22.09,-70.2,clear sky,60.58,61,8,2.95
447,San Ignacio,BZ,2020-11-12 04:17:13,17.16,-89.07,mist,73.4,94,5,1.66
448,Clinton,US,2020-11-12 04:17:14,42.59,-82.92,broken clouds,39.0,67,75,3.36
449,Yeppoon,AU,2020-11-12 04:17:14,-23.13,150.73,clear sky,84.2,28,0,9.17
450,Tashla,RU,2020-11-12 04:17:14,51.77,52.74,clear sky,25.5,97,2,8.75
451,San Juan De Uraba,CO,2020-11-12 04:17:15,8.76,-76.53,overcast clouds,77.11,83,96,4.65
452,Vershino-Darasunskiy,RU,2020-11-12 04:17:15,52.35,115.52,clear sky,28.13,82,0,7.65
453,Abdanan,IR,2020-11-12 04:17:15,32.99,47.42,overcast clouds,59.16,62,89,2.17
454,Ballina,AU,2020-11-12 04:17:15,-28.87,153.57,scattered clouds,82.0,57,25,21.92
455,Panguna,PG,2020-11-12 04:17:16,-6.32,155.48,moderate rain,77.25,89,89,2.57
456,Chaumont,FR,2020-11-12 04:17:16,48.12,5.13,overcast clouds,46.0,91,100,11.03
457,Touros,BR,2020-11-12 04:14:22,-5.2,-35.46,scattered clouds,75.2,83,40,3.36
458,Sitka,US,2020-11-12 04:17:16,57.05,-135.33,moderate rain,41.0,80,90,17.22
459,Chenzhou,CN,2020-11-12 04:17:16,25.8,113.03,clear sky,70.93,40,0,5.1
460,La Ronge,CA,2020-11-12 04:12:44,55.1,-105.28,overcast clouds,-11.2,76,89,5.82
461,Mackay,AU,2020-11-12 04:17:17,-21.15,149.2,clear sky,82.4,48,4,14.99
462,Neya,RU,2020-11-12 04:17:17,58.3,43.87,overcast clouds,29.25,94,95,9.33
463,Broome,US,2020-11-12 04:17:17,42.25,-75.83,overcast clouds,55.0,76,90,9.17
464,Geraldton,AU,2020-11-12 04:17:17,-28.77,114.6,clear sky,71.6,46,0,13.87
465,Oranjestad,AW,2020-11-12 04:17:18,12.52,-70.03,few clouds,82.4,83,20,8.05
466,Ambagarh Chauki,IN,2020-11-12 04:17:18,20.78,80.72,broken clouds,78.04,69,62,11.45
467,Darab,IR,2020-11-12 04:17:18,28.75,54.54,broken clouds,64.53,43,84,2.35
468,Manacapuru,BR,2020-11-12 04:17:18,-3.3,-60.62,clear sky,75.2,94,0,2.24
469,Taltal,CL,2020-11-12 04:17:19,-25.4,-70.48,clear sky,57.45,75,0,1.01
470,Rosarito,MX,2020-11-12 04:17:19,32.33,-117.03,clear sky,53.6,87,1,3.36
471,Mahebourg,MU,2020-11-12 04:17:19,-20.41,57.7,scattered clouds,77.0,73,40,10.29
472,Wawa,NG,2020-11-12 04:17:19,9.9,4.42,clear sky,73.63,47,0,4.79
473,Fuerte Olimpo,PY,2020-11-12 04:17:19,-21.04,-57.87,moderate rain,72.77,90,68,3.56
474,Mongo,TD,2020-11-12 04:17:20,12.18,18.69,broken clouds,76.87,36,52,1.68
475,Fujin,CN,2020-11-12 04:17:20,47.26,132.03,clear sky,46.29,63,7,11.54
476,Shalinskoye,RU,2020-11-12 04:17:20,55.72,93.76,scattered clouds,34.95,80,36,16.46
477,Patea,NZ,2020-11-12 04:17:20,-39.76,174.48,clear sky,64.99,82,0,4.0
478,The Valley,AI,2020-11-12 04:13:15,18.22,-63.06,few clouds,77.0,83,20,11.41
479,Boddam,GB,2020-11-12 04:17:21,57.47,-1.78,overcast clouds,51.8,93,90,21.92
480,Pontianak,ID,2020-11-12 04:17:21,-0.03,109.33,overcast clouds,87.3,65,88,4.16
481,Ponta Grossa,BR,2020-11-12 04:17:21,-25.09,-50.16,broken clouds,60.62,99,74,3.2
482,Idah,NG,2020-11-12 04:17:21,7.11,6.73,broken clouds,73.89,77,81,1.21
483,Tabou,CI,2020-11-12 04:17:21,4.42,-7.35,light rain,77.67,87,65,5.39
484,Jiangyou,CN,2020-11-12 04:16:43,31.77,104.72,overcast clouds,67.42,51,95,3.06
485,Itarema,BR,2020-11-12 04:13:28,-2.92,-39.92,scattered clouds,80.08,78,27,16.4
486,Sheltozero,RU,2020-11-12 04:17:22,61.37,35.37,clear sky,32.04,96,2,7.74
487,Houma,US,2020-11-12 04:17:22,29.6,-90.72,clear sky,73.99,94,1,6.93
488,Ushtobe,KZ,2020-11-12 04:17:22,45.25,77.98,light rain,47.07,53,100,8.39
489,Pingyi,CN,2020-11-12 04:17:23,35.5,117.63,clear sky,65.28,42,2,8.25
490,Fort Nelson,CA,2020-11-12 04:17:23,58.81,-122.7,broken clouds,-0.4,84,75,2.24
491,Bucerias,MX,2020-11-12 04:17:23,20.75,-105.33,overcast clouds,79.0,74,90,3.36
492,Tambovka,RU,2020-11-12 04:17:23,50.1,128.05,moderate rain,19.4,92,75,8.95
493,Ugoofaaru,MV,2020-11-12 04:17:24,5.67,73.0,clear sky,82.45,74,0,8.39
494,Taga,RO,2020-11-12 04:17:24,46.95,24.05,overcast clouds,39.2,93,90,3.36
495,Vysokogornyy,RU,2020-11-12 04:17:24,50.12,139.15,overcast clouds,35.76,81,93,4.18
496,Masvingo,ZW,2020-11-12 04:17:24,-20.06,30.83,overcast clouds,64.08,86,100,9.22
497,Tchollire,CM,2020-11-12 04:17:24,8.4,14.17,clear sky,71.29,48,1,2.28
498,Calahorra,ES,2020-11-12 04:17:25,42.31,-1.97,mist,48.2,100,90,1.12
499,Kunya,NG,2020-11-12 04:17:25,12.22,8.53,overcast clouds,60.8,67,98,1.12
500,Makubetsu,JP,2020-11-12 04:17:25,45.37,141.82,broken clouds,48.2,70,75,17.22
501,Bereda,ES,2020-11-12 04:17:25,43.27,-7.54,broken clouds,55.99,87,56,3.0
502,Port Hedland,AU,2020-11-12 04:15:11,-20.32,118.57,clear sky,98.6,32,0,19.46
503,Igarka,RU,2020-11-12 04:17:26,67.47,86.58,broken clouds,4.53,93,79,9.37
504,Rio Pardo De Minas,BR,2020-11-12 04:17:26,-15.61,-42.54,scattered clouds,63.37,92,48,3.38
505,Marsabit,KE,2020-11-12 04:17:26,2.33,37.99,clear sky,65.01,90,1,10.83
506,Ilulissat,GL,2020-11-12 04:17:27,69.22,-51.1,overcast clouds,10.49,93,98,6.96
507,Oksfjord,NO,2020-11-12 04:17:27,70.24,22.35,few clouds,37.4,68,16,18.34
508,Chapais,CA,2020-11-12 04:17:27,49.78,-74.85,light snow,28.4,86,90,5.82
509,Yulara,AU,2020-11-12 04:17:27,-25.24,130.99,clear sky,93.2,7,0,5.82
510,Kuryk,KZ,2020-11-12 04:17:27,43.2,51.65,broken clouds,38.59,72,79,6.53
511,Matamoros,MX,2020-11-12 04:17:28,25.53,-103.25,clear sky,73.4,27,5,1.54
512,Correntina,BR,2020-11-12 04:17:28,-13.34,-44.64,clear sky,69.48,67,7,2.64
513,Sungaipenuh,ID,2020-11-12 04:13:54,-2.08,101.38,overcast clouds,82.8,48,90,3.49
514,Zdice,CZ,2020-11-12 04:17:28,49.91,13.98,light intensity drizzle,37.4,100,90,3.36
515,Robertsport,LR,2020-11-12 04:17:28,6.75,-11.37,light rain,78.87,79,89,3.65
516,Viedma,AR,2020-11-12 04:13:32,-40.81,-63.0,broken clouds,60.44,79,78,11.86
517,Sechura,PE,2020-11-12 04:17:29,-5.56,-80.82,overcast clouds,64.62,79,93,10.11
518,Gao,ML,2020-11-12 04:17:29,16.64,1.64,clear sky,70.59,24,0,12.46
519,Coahuayana,MX,2020-11-12 04:17:29,18.73,-103.68,clear sky,75.22,83,4,2.57
520,Riyadh,SA,2020-11-12 04:17:29,24.69,46.72,clear sky,68.0,40,0,4.7
521,Paramirim,BR,2020-11-12 04:17:29,-13.44,-42.24,clear sky,67.86,74,8,3.29
522,Kieta,PG,2020-11-12 04:17:30,-6.22,155.63,moderate rain,83.77,77,88,8.61
523,El Alto,PE,2020-11-12 04:17:30,-4.27,-81.21,broken clouds,61.9,88,67,13.89
524,Mizan Teferi,ET,2020-11-12 04:17:30,6.98,35.58,few clouds,61.38,85,14,3.0
525,Mbengwi,CM,2020-11-12 04:17:30,6.02,10.0,overcast clouds,64.69,72,100,1.95
526,Abu Dhabi,AE,2020-11-12 04:13:24,24.47,54.37,haze,77.0,78,0,1.12
527,Hirado,JP,2020-11-12 04:17:31,33.36,129.55,few clouds,66.0,55,20,3.36
528,Khani,GE,2020-11-12 04:17:31,41.96,42.96,broken clouds,48.2,100,75,2.24
529,Aranos,NA,2020-11-12 04:17:31,-24.13,19.12,clear sky,67.96,20,0,8.48
530,Outjo,NA,2020-11-12 04:17:31,-20.12,16.15,few clouds,68.0,56,20,2.24
531,Flin Flon,CA,2020-11-12 04:15:04,54.77,-101.86,overcast clouds,2.07,90,100,7.16
532,Tambacounda,SN,2020-11-12 04:17:10,13.75,-13.76,clear sky,75.97,19,0,5.06
533,Xuddur,SO,2020-11-12 04:17:32,4.12,43.89,few clouds,72.41,90,17,7.76
534,Mount Pleasant,US,2020-11-12 04:16:21,32.79,-79.86,mist,77.0,94,90,4.7
535,Agadez,NE,2020-11-12 04:17:33,19.75,10.25,clear sky,59.16,34,0,10.6
536,Svetlaya,RU,2020-11-12 04:17:34,46.54,138.33,clear sky,47.34,58,1,8.03
537,Timmins,CA,2020-11-12 04:17:34,48.47,-81.33,overcast clouds,28.4,86,90,4.7
538,Vizinga,RU,2020-11-12 04:17:35,61.07,50.1,overcast clouds,27.14,95,88,8.48
539,Sabya,SA,2020-11-12 04:17:35,17.15,42.63,clear sky,80.6,78,1,3.31
540,Taree,AU,2020-11-12 04:17:35,-31.9,152.47,light rain,82.4,58,83,14.99
541,Aklavik,CA,2020-11-12 04:13:09,68.22,-135.01,overcast clouds,3.2,71,98,5.82
542,Itoman,JP,2020-11-12 04:17:36,26.12,127.67,broken clouds,77.0,61,75,13.87
543,Harnosand,SE,2020-11-12 04:17:36,62.63,17.94,broken clouds,36.0,89,57,2.24
544,French Harbor,HN,2020-11-12 04:17:36,16.35,-86.43,few clouds,75.2,100,20,3.94
545,Idaho Falls,US,2020-11-12 04:16:34,43.47,-112.03,overcast clouds,27.0,92,90,10.29
546,Nouakchott,MR,2020-11-12 04:17:36,18.09,-15.98,overcast clouds,69.8,28,85,6.93
547,Burns Lake,CA,2020-11-12 04:17:37,54.23,-125.75,overcast clouds,23.0,100,100,1.12
548,Rafsanjan,IR,2020-11-12 04:17:37,30.41,55.99,overcast clouds,60.94,44,85,5.55
549,Praia,CV,2020-11-12 04:14:12,14.92,-23.51,clear sky,77.0,73,0,8.05
550,Chernyshevskiy,RU,2020-11-12 04:17:37,63.01,112.47,broken clouds,14.61,96,78,7.99
551,Bolobo,CD,2020-11-12 04:17:37,-2.17,16.23,moderate rain,70.03,92,42,1.34
552,Grafton,US,2020-11-12 04:17:38,42.21,-71.69,light rain,64.99,93,90,11.41
553,Abay,KZ,2020-11-12 04:17:38,49.63,72.85,broken clouds,33.8,86,75,20.13
554,Kirakira,SB,2020-11-12 04:13:43,-10.45,161.92,light rain,85.03,71,50,6.93
555,Suntar,RU,2020-11-12 04:17:38,62.14,117.63,light snow,27.64,98,99,7.09
556,Rio Gallegos,AR,2020-11-12 04:17:39,-51.62,-69.22,clear sky,48.2,76,0,9.17
557,San Teodoro,PH,2020-11-12 04:17:39,13.44,121.02,moderate rain,77.0,96,100,13.0
558,Makakilo City,US,2020-11-12 04:17:39,21.35,-158.09,few clouds,82.4,58,20,10.29
559,Nizwa,OM,2020-11-12 04:17:39,22.93,57.53,clear sky,74.7,46,0,0.65
560,Formosa,AR,2020-11-12 04:17:39,-26.18,-58.18,clear sky,71.6,88,0,5.82
561,Arcata,US,2020-11-12 04:15:26,40.87,-124.08,clear sky,44.01,81,1,3.36
562,Paamiut,GL,2020-11-12 04:13:23,61.99,-49.67,few clouds,25.41,78,12,9.17
563,Zhuanghe,CN,2020-11-12 04:17:40,39.7,122.99,broken clouds,61.36,62,81,15.05
564,High Rock,BS,2020-11-12 04:17:40,26.62,-78.28,light rain,80.02,83,100,25.03
565,Wamba,NG,2020-11-12 04:17:40,8.93,8.6,overcast clouds,73.35,39,100,3.8
566,Salta,AR,2020-11-12 04:17:41,-24.79,-65.41,shower rain,68.0,82,75,1.3
567,Innisfail,AU,2020-11-12 04:13:26,-17.53,146.03,scattered clouds,81.0,50,29,1.99
568,Rocha,UY,2020-11-12 04:14:30,-34.48,-54.33,clear sky,55.78,94,6,2.75
569,Nouadhibou,MR,2020-11-12 04:17:41,20.93,-17.03,broken clouds,71.6,56,74,10.29
570,San Rafael,AR,2020-11-12 04:17:42,-34.62,-68.33,broken clouds,74.14,45,76,8.37
571,Taguatinga,BR,2020-11-12 04:17:42,-12.39,-46.57,clear sky,77.23,56,0,3.98
572,Presidencia Roque Saenz Pena,AR,2020-11-12 04:15:55,-26.79,-60.44,clear sky,69.01,91,0,1.99
573,Ilorin,NG,2020-11-12 04:17:42,8.5,4.55,overcast clouds,75.24,75,88,3.18
574,Lompoc,US,2020-11-12 04:17:42,34.64,-120.46,broken clouds,53.6,87,75,4.7
575,Bacolod,PH,2020-11-12 04:17:43,10.67,122.95,light rain,85.78,73,40,13.42
576,Rio Claro,BR,2020-11-12 04:17:43,-22.41,-47.56,light rain,68.5,89,97,3.27
577,Carballo,ES,2020-11-12 04:17:43,43.21,-8.69,overcast clouds,57.2,87,90,10.29
578,Garachine,PA,2020-11-12 04:17:43,8.06,-78.36,moderate rain,78.08,86,98,6.8
579,Moose Factory,CA,2020-11-12 04:12:46,51.26,-80.61,clear sky,21.2,92,1,6.93
580,Luderitz,NA,2020-11-12 04:17:44,-26.65,15.16,clear sky,60.82,63,0,9.44
581,Gigmoto,PH,2020-11-12 04:17:44,13.78,124.39,light rain,85.12,69,99,12.33
582,Bakchar,RU,2020-11-12 04:17:44,57.02,82.07,overcast clouds,28.26,94,99,11.77
583,Saint-Paul,RE,2020-11-12 04:17:45,-21.01,55.27,overcast clouds,77.0,73,90,5.82
584,Vestmannaeyjar,IS,2020-11-12 04:17:45,63.44,-20.27,overcast clouds,40.57,78,100,28.61
585,Willowmore,ZA,2020-11-12 04:17:45,-33.29,23.49,few clouds,53.89,82,20,6.98
586,Sokode,TG,2020-11-12 04:17:45,8.98,1.13,clear sky,69.8,94,0,2.98
587,Udarnyy,RU,2020-11-12 04:17:46,54.34,42.86,clear sky,27.27,94,1,6.53
588,Fairbanks,US,2020-11-12 04:17:29,64.84,-147.72,broken clouds,25.0,85,75,1.72
589,Chimoio,MZ,2020-11-12 04:17:46,-19.12,33.48,broken clouds,68.0,100,75,12.75
590,Pedernales,DO,2020-11-12 04:13:42,18.04,-71.74,overcast clouds,79.52,76,94,0.18
591,Egvekinot,RU,2020-11-12 04:17:47,66.32,-179.17,overcast clouds,16.11,95,100,14.12
592,Ardakan,IR,2020-11-12 04:17:47,32.31,54.02,broken clouds,55.4,54,75,2.24
593,Kenmare,IE,2020-11-12 04:17:47,51.88,-9.58,broken clouds,46.92,80,60,7.54
594,Santander,ES,2020-11-12 04:17:47,43.46,-3.8,few clouds,59.0,82,20,2.24
595,Ocos,GT,2020-11-12 04:17:47,14.51,-92.19,broken clouds,78.8,100,75,3.36
596,Trindade,BR,2020-11-12 04:17:48,-16.65,-49.49,scattered clouds,71.6,83,40,5.82
597,Aden,YE,2020-11-12 04:14:04,12.78,45.04,clear sky,80.1,69,0,9.28
598,Bathsheba,BB,2020-11-12 04:17:48,13.22,-59.52,scattered clouds,80.6,83,40,16.11
599,Bilibino,RU,2020-11-12 04:17:48,68.05,166.44,overcast clouds,-0.63,90,100,2.57
600,Amos,CA,2020-11-12 04:16:43,48.57,-78.12,overcast clouds,32.0,93,90,6.93
601,Yumen,CN,2020-11-12 04:17:49,40.28,97.2,broken clouds,44.96,41,51,15.9
602,Olinda,BR,2020-11-12 04:17:49,-8.01,-34.86,scattered clouds,78.8,74,40,9.17
603,Tigil,RU,2020-11-12 04:17:49,57.8,158.67,broken clouds,23.18,96,58,5.64
604,Margate,GB,2020-11-12 04:17:49,51.38,1.39,broken clouds,51.01,85,65,1.99
605,San Giovanni In Persiceto,IT,2020-11-12 04:17:49,44.64,11.18,mist,54.0,93,75,1.12
606,Mardin,TR,2020-11-12 04:17:50,37.31,40.74,few clouds,53.6,76,20,6.93
607,Manaure,CO,2020-11-12 04:17:50,11.78,-72.44,light rain,81.79,82,100,5.57
608,Katobu,ID,2020-11-12 04:17:50,-4.94,122.53,few clouds,94.41,48,11,2.24
609,Mozarlandia,BR,2020-11-12 04:17:50,-14.74,-50.57,scattered clouds,78.15,65,50,5.7
610,Coracora,PE,2020-11-12 04:17:51,-15.03,-73.78,scattered clouds,50.02,55,36,1.14
611,Cape Canaveral,US,2020-11-12 04:17:51,28.41,-80.6,clear sky,78.01,88,1,21.92
612,Malakal,SS,2020-11-12 04:17:51,9.53,31.66,clear sky,72.59,29,0,4.47
613,Denton,US,2020-11-12 04:15:16,33.2,-97.13,clear sky,57.99,76,1,8.7
614,Prachuap Khiri Khan,TH,2020-11-12 04:17:51,12.22,99.75,scattered clouds,71.6,94,40,5.82
615,Kalnibolotskaya,RU,2020-11-12 04:17:52,46.01,40.46,clear sky,33.13,90,6,5.03
616,Port Augusta,AU,2020-11-12 04:17:52,-32.5,137.77,broken clouds,73.4,46,75,10.29
617,Bichena,ET,2020-11-12 04:17:53,10.45,38.2,broken clouds,48.99,68,72,2.04
618,Half Moon Bay,US,2020-11-12 04:17:46,37.46,-122.43,clear sky,53.6,87,1,9.17
619,Udachnyy,RU,2020-11-12 04:17:53,66.42,112.4,broken clouds,19.4,92,75,4.47
620,Gimli,CA,2020-11-12 04:17:54,50.63,-96.99,overcast clouds,23.0,79,100,10.29
621,Nautanwa,IN,2020-11-12 04:17:54,27.43,83.42,clear sky,77.86,39,0,2.19
622,Naifaru,MV,2020-11-12 04:17:54,5.44,73.37,clear sky,82.56,73,2,7.54
623,Kalikapur,IN,2020-11-12 04:17:55,22.62,86.28,haze,78.8,57,40,2.24
624,Waingapu,ID,2020-11-12 04:17:55,-9.66,120.26,overcast clouds,90.39,57,100,9.66
625,Port Dover,CA,2020-11-12 04:17:55,42.78,-80.2,clear sky,41.0,80,0,3.36
626,Peruibe,BR,2020-11-12 04:17:56,-24.32,-47.0,overcast clouds,70.18,91,97,2.71
627,Kodinsk,RU,2020-11-12 04:17:56,58.69,99.18,overcast clouds,34.92,84,95,12.71
628,Kobryn,BY,2020-11-12 04:17:56,52.21,24.36,overcast clouds,41.0,86,90,6.71
629,Martapura,ID,2020-11-12 04:14:54,-3.42,114.85,scattered clouds,91.4,63,40,2.24
630,Acapulco,MX,2020-11-12 04:13:49,16.86,-99.89,clear sky,80.6,78,5,3.36
631,Galesong,ID,2020-11-12 04:17:57,-5.32,119.37,few clouds,89.6,66,20,9.17
632,Kodinar,IN,2020-11-12 04:17:57,20.79,70.7,clear sky,80.37,30,0,13.18
633,Shenjiamen,CN,2020-11-12 04:17:57,29.96,122.3,few clouds,65.86,59,19,9.31
634,Tura,IN,2020-11-12 04:17:57,25.52,90.22,clear sky,78.55,53,0,1.28
635,San Policarpo,PH,2020-11-12 04:17:57,12.18,125.51,moderate rain,83.66,77,99,13.0
636,Verkhnyaya Inta,RU,2020-11-12 04:17:58,65.98,60.31,overcast clouds,14.13,97,99,7.9
637,Rock Sound,BS,2020-11-12 04:17:58,24.9,-76.2,overcast clouds,79.52,77,92,22.77
638,Port Hawkesbury,CA,2020-11-12 04:17:58,45.62,-61.35,broken clouds,62.6,88,75,12.75
639,Dothan,US,2020-11-12 04:17:58,31.22,-85.39,clear sky,73.4,88,1,4.7
640,Batagay-Alyta,RU,2020-11-12 04:17:59,67.8,130.41,few clouds,-4.45,88,11,1.48
641,Chotila,IN,2020-11-12 04:17:59,22.42,71.18,clear sky,78.33,21,0,11.07
642,Gizo,SB,2020-11-12 04:17:59,-8.1,156.84,light rain,84.76,70,21,7.2
643,Three Hills,CA,2020-11-12 04:17:59,51.7,-113.27,scattered clouds,8.6,78,50,2.24
644,Katherine,AU,2020-11-12 04:17:59,-14.47,132.27,scattered clouds,96.8,39,40,9.17
645,Akhmim,EG,2020-11-12 04:18:00,26.56,31.75,clear sky,57.2,58,0,6.93
646,Agnibilekrou,CI,2020-11-12 04:18:00,7.13,-3.2,overcast clouds,70.11,99,86,1.92
647,Avera,US,2020-11-12 04:18:00,33.19,-82.53,moderate rain,73.4,87,90,6.93
648,Terra Santa,BR,2020-11-12 04:18:00,-2.1,-56.49,overcast clouds,77.65,80,89,2.66
649,Pangnirtung,CA,2020-11-12 04:18:00,66.15,-65.71,snow,21.85,94,100,12.08
650,Wanning,CN,2020-11-12 04:18:01,18.8,110.4,broken clouds,76.15,67,53,17.81
651,Candolim,IN,2020-11-12 04:18:01,15.52,73.76,few clouds,78.8,50,20,6.93
652,Berezniki,RU,2020-11-12 04:18:01,59.42,56.81,light snow,24.01,94,100,8.72
653,Kyenjojo,UG,2020-11-12 04:18:01,0.63,30.62,light rain,59.61,96,72,0.87
654,Zhangjiakou,CN,2020-11-12 04:18:02,40.81,114.88,clear sky,50.81,39,0,9.19
655,Puerto Leguizamo,CO,2020-11-12 04:18:02,-0.19,-74.78,light rain,73.94,96,100,2.21
656,Raymond,US,2020-11-12 04:18:02,43.9,-70.47,overcast clouds,66.99,88,100,1.01
657,Tongren,CN,2020-11-12 04:18:02,27.72,109.19,clear sky,71.29,43,0,2.06
658,Havoysund,NO,2020-11-12 04:18:02,71.0,24.66,clear sky,37.4,86,0,10.29
659,Beauceville,CA,2020-11-12 04:13:57,46.22,-70.78,overcast clouds,59.0,72,100,3.36
660,Amahai,ID,2020-11-12 04:18:03,-3.33,128.92,light rain,86.7,66,18,7.16
661,Karasburg,NA,2020-11-12 04:18:03,-28.02,18.75,clear sky,68.4,22,0,10.2
662,Maridi,SS,2020-11-12 04:18:03,4.92,29.47,few clouds,67.66,86,12,1.97
663,Coruripe,BR,2020-11-12 04:18:03,-10.13,-36.18,scattered clouds,73.78,82,26,8.52
664,Port Lincoln,AU,2020-11-12 04:18:04,-34.73,135.87,overcast clouds,63.21,61,92,19.01
665,Ban Nahin,LA,2020-11-12 04:18:04,18.24,104.21,scattered clouds,80.91,39,40,5.68
666,Iralaya,HN,2020-11-12 04:18:04,15.0,-83.23,broken clouds,78.82,86,79,1.5
667,Medzilaborce,SK,2020-11-12 04:18:04,49.27,21.9,overcast clouds,36.0,92,100,1.99
668,Beloha,MG,2020-11-12 04:18:05,-25.17,45.05,few clouds,77.05,70,20,8.72
669,Xambioa,BR,2020-11-12 04:18:05,-6.41,-48.54,clear sky,76.08,78,0,1.39
670,Lufilufi,WS,2020-11-12 04:18:05,-13.87,-171.6,broken clouds,84.2,83,75,8.05
671,Vilcun,CL,2020-11-12 04:18:05,-38.65,-72.23,overcast clouds,51.8,87,90,2.24
672,Cherskiy,RU,2020-11-12 04:18:05,68.75,161.3,overcast clouds,6.39,95,100,7.87
673,Maningrida,AU,2020-11-12 04:18:05,-12.07,134.27,broken clouds,90.28,54,77,10.25
674,Boshnyakovo,RU,2020-11-12 04:18:06,49.63,142.17,overcast clouds,38.95,75,100,9.57
675,Tieling,CN,2020-11-12 04:18:06,42.29,123.84,broken clouds,61.47,36,72,18.23
676,Rapid Valley,US,2020-11-12 04:18:06,44.06,-103.15,mist,24.01,85,90,23.04
677,Vanimo,PG,2020-11-12 04:18:06,-2.67,141.3,overcast clouds,80.58,75,100,6.22
678,Niquero,CU,2020-11-12 04:18:07,20.04,-77.58,overcast clouds,78.84,86,100,3.44
679,Santa Rosa,PH,2020-11-12 04:18:07,14.31,121.11,overcast clouds,78.8,94,90,6.93
680,Wyndham,US,2020-11-12 04:17:44,37.7,-77.61,heavy intensity rain,72.0,94,100,1.99
681,Cananeia,BR,2020-11-12 04:14:56,-25.01,-47.93,overcast clouds,69.69,91,100,2.86
682,Oconomowoc,US,2020-11-12 04:18:08,43.11,-88.5,clear sky,35.01,85,1,3.36
683,Traverse City,US,2020-11-12 04:18:08,44.76,-85.62,clear sky,35.6,74,1,8.05
684,Piacabucu,BR,2020-11-12 04:18:08,-10.41,-36.43,clear sky,74.48,81,8,7.83
685,Kango,GA,2020-11-12 04:18:08,0.19,10.1,overcast clouds,74.52,96,100,0.54
686,Harper,LR,2020-11-12 04:18:08,4.38,-7.72,moderate rain,77.14,88,89,6.26
687,Vypolzovo,RU,2020-11-12 04:18:09,57.88,33.7,overcast clouds,35.37,97,100,5.57
688,Chesham,GB,2020-11-12 04:18:09,51.7,-0.6,scattered clouds,48.99,92,28,16.55
689,Manokwari,ID,2020-11-12 04:18:09,-0.87,134.08,light rain,83.53,73,99,3.69
690,San Juan,AR,2020-11-12 04:14:07,-31.54,-68.54,overcast clouds,78.06,41,100,3.47
691,Kharan,PK,2020-11-12 04:18:10,28.58,65.42,few clouds,70.39,23,24,0.89
692,Tambilil,PH,2020-11-12 04:18:10,5.96,124.67,light rain,86.0,66,75,3.36
693,Mopipi,BW,2020-11-12 04:18:10,-21.18,24.88,scattered clouds,72.82,61,28,18.21
694,Olmos,PE,2020-11-12 04:18:10,-5.98,-79.75,overcast clouds,64.99,79,98,3.0
695,Berezanka,UA,2020-11-12 04:18:10,46.85,31.39,clear sky,30.2,86,0,6.71
696,Numan,NG,2020-11-12 04:18:11,9.47,12.03,scattered clouds,74.23,36,45,3.4
697,Meulaboh,ID,2020-11-12 04:18:11,4.14,96.13,broken clouds,85.89,66,73,4.61
698,Duzce,TR,2020-11-12 04:17:36,40.84,31.16,broken clouds,51.12,77,55,1.28
699,Tibiri,NE,2020-11-12 04:18:11,13.56,7.05,clear sky,71.69,27,0,9.98
700,Pinheiro,BR,2020-11-12 04:18:11,-2.52,-45.08,overcast clouds,74.89,95,100,2.95
701,Mega,ET,2020-11-12 04:18:12,4.05,38.3,scattered clouds,59.13,91,27,7.29
702,Kshenskiy,RU,2020-11-12 04:18:12,51.84,37.71,clear sky,29.41,95,2,5.19
703,Jasper,US,2020-11-12 04:18:13,37.2,-94.35,clear sky,44.6,65,1,8.05
704,Erzin,TR,2020-11-12 04:18:13,36.96,36.2,clear sky,60.01,49,0,11.99
705,Cocorit,MX,2020-11-12 04:18:13,27.58,-109.97,clear sky,64.36,48,0,1.5
706,Taksimo,RU,2020-11-12 04:18:14,56.34,114.88,clear sky,24.33,85,0,2.84
707,Lerwick,GB,2020-11-12 04:18:14,60.15,-1.15,light rain,51.8,93,100,23.04
708,Beatrice,US,2020-11-12 04:18:14,40.27,-96.75,clear sky,39.99,69,1,5.82
709,Ebnat-Kappel,CH,2020-11-12 04:18:15,47.26,9.12,scattered clouds,43.0,87,34,3.91
710,Neiafu,TO,2020-11-12 04:18:15,-18.65,-173.98,broken clouds,82.4,78,75,12.75
711,Athabasca,CA,2020-11-12 04:18:15,54.72,-113.29,clear sky,-4.0,83,0,1.12
712,Necochea,AR,2020-11-12 04:18:15,-38.55,-58.74,clear sky,63.0,76,3,10.0
713,Redmond,US,2020-11-12 04:15:34,47.67,-122.12,broken clouds,43.0,92,54,2.59
714,Carberry,CA,2020-11-12 04:18:14,49.87,-99.36,light snow,17.6,85,90,9.17
715,San Andres,CO,2020-11-12 04:16:08,12.58,-81.7,few clouds,77.0,94,20,4.16
716,Revelstoke,CA,2020-11-12 04:18:16,50.98,-118.2,overcast clouds,30.2,92,90,2.24
717,Montepuez,MZ,2020-11-12 04:18:17,-13.13,39.0,overcast clouds,73.8,74,98,4.72
718,Manggar,ID,2020-11-12 04:18:17,-2.88,108.27,overcast clouds,86.4,67,100,7.92
719,Warwick,US,2020-11-12 04:18:17,41.7,-71.42,light rain,64.99,93,90,8.05
720,Ambon,ID,2020-11-12 04:18:17,-3.7,128.18,scattered clouds,89.6,70,40,8.05
721,Nemuro,JP,2020-11-12 04:18:18,43.32,145.57,clear sky,46.4,45,0,11.41
722,Sabzevar,IR,2020-11-12 04:18:18,36.21,57.68,light rain,50.0,87,90,8.5
723,Am Timan,TD,2020-11-12 04:18:18,11.03,20.28,broken clouds,73.62,31,64,6.2
724,Plougastel-Daoulas,FR,2020-11-12 04:18:18,48.37,-4.37,few clouds,50.0,81,20,6.93
725,Caravelas,BR,2020-11-12 04:18:19,-17.71,-39.25,overcast clouds,73.18,92,100,5.08
726,Marondera,ZW,2020-11-12 04:18:19,-18.19,31.55,overcast clouds,59.14,93,99,12.21
727,Caxito,AO,2020-11-12 04:18:19,-8.58,13.66,broken clouds,78.8,83,75,6.93
728,Sao Felix Do Xingu,BR,2020-11-12 04:18:19,-6.64,-51.99,clear sky,73.81,84,1,1.01
729,Banda Aceh,ID,2020-11-12 04:15:15,5.56,95.32,scattered clouds,85.55,69,31,10.8
730,Castrovillari,IT,2020-11-12 04:18:20,39.82,16.21,few clouds,50.13,71,14,2.39
731,Businga,CD,2020-11-12 04:18:20,3.33,20.88,broken clouds,69.71,96,66,1.36
732,Qaqortoq,GL,2020-11-12 04:18:20,60.72,-46.03,clear sky,24.22,82,0,6.31
733,Fuyang,CN,2020-11-12 04:18:20,32.9,115.82,clear sky,68.36,39,0,8.55
734,Vardo,NO,2020-11-12 04:18:21,70.37,31.11,clear sky,26.6,79,0,9.17
735,Luzhou,CN,2020-11-12 04:18:21,28.87,105.44,broken clouds,73.69,39,69,2.26
736,Deqing,CN,2020-11-12 04:18:21,30.54,119.96,clear sky,71.01,52,0,5.01
737,Bani,DO,2020-11-12 04:18:21,18.28,-70.33,overcast clouds,75.0,93,96,1.99
738,Monor,HU,2020-11-12 04:18:22,47.35,19.45,overcast clouds,42.01,93,90,6.93
739,Susangerd,IR,2020-11-12 04:18:22,31.56,48.18,thunderstorm with rain,66.2,100,90,4.7
740,Carlagan,PH,2020-11-12 04:18:22,14.97,122.05,light rain,82.2,82,100,16.71
741,Escarcega,MX,2020-11-12 04:18:22,18.61,-90.75,scattered clouds,68.92,98,40,1.79
742,Joshimath,IN,2020-11-12 04:18:22,30.57,79.57,clear sky,60.76,19,0,3.06
743,Oriximina,BR,2020-11-12 04:18:23,-1.77,-55.87,light rain,76.86,87,88,3.53
744,Forbes,AU,2020-11-12 04:18:23,-33.38,148.02,overcast clouds,81.0,38,89,1.99
745,Masallatah,LY,2020-11-12 04:18:23,32.62,14.0,few clouds,62.35,77,15,7.31
746,Pangody,RU,2020-11-12 04:18:23,65.85,74.49,broken clouds,-2.42,93,54,6.64
747,Parkes,AU,2020-11-12 04:18:23,-33.13,148.18,scattered clouds,81.0,38,47,1.99
748,Never,FR,2020-11-12 04:13:35,46.99,3.16,overcast clouds,48.99,91,100,5.84
749,Neuquen,AR,2020-11-12 04:18:24,-38.95,-68.06,light rain,62.6,88,75,4.7
750,Aloleng,PH,2020-11-12 04:18:24,16.13,119.78,moderate rain,79.12,84,100,34.18
751,Liwale,TZ,2020-11-12 04:18:24,-9.77,37.93,broken clouds,71.53,86,63,2.66
752,Muzhi,RU,2020-11-12 04:18:24,65.37,64.67,light snow,10.24,95,99,12.73
